{"flutter":{"platforms":{"android":{"default":{"projectId":"minidepot-552c8","appId":"1:953537353019:android:11366211c034111f54d31e","fileOutput":"android/app/google-services.json"}},"dart":{"lib/firebase_options.dart":{"projectId":"minidepot-552c8","configurations":{"android":"1:953537353019:android:11366211c034111f54d31e","ios":"1:953537353019:ios:f4b7a05e9eed76f154d31e","macos":"1:953537353019:ios:e63871162f85a72354d31e","web":"1:953537353019:web:590afd4a1e301b5f54d31e","windows":"1:953537353019:web:a46ee53c8b3a57c054d31e"}}}}}}